{
  "source_result": "F:\\unified-sel\\results\\continual_no_boundary\\20260403_133309.json",
  "experiment": "no_boundary",
  "num_runs": 2,
  "summary": {
    "num_runs": 2,
    "forgetting": {
      "mean": 0.115234375,
      "std": 0.201171875,
      "min": -0.0859375,
      "max": 0.31640625
    },
    "phase_means": {
      "mid_avg_surprise": 0.34305425,
      "late_avg_surprise": 0.36042325,
      "mid_avg_tension": 0.3530891954936205,
      "late_avg_tension": 0.4252720952387774
    },
    "high_forgetting_seeds": [
      8
    ]
  },
  "runs": [
    {
      "seed": 7,
      "forgetting_task_0": -0.0859375,
      "task_0_accuracy_after_early_stream": 0.38671875,
      "task_0_accuracy_final": 0.47265625,
      "task_1_accuracy_final": 0.58203125,
      "max_structures_seen": 12,
      "phase_summary": {
        "early": {
          "count": 200,
          "avg_loss": 0.30867010570110376,
          "avg_surprise": 0.3395139999999999,
          "avg_tension": 0.28360334948569793,
          "avg_utility": 0.3253219480519479,
          "avg_structures": 11.595,
          "event_counts": {
            "reinforce": 189,
            "branch": 6,
            "create": 5
          }
        },
        "mid": {
          "count": 200,
          "avg_loss": 0.29735061709063754,
          "avg_surprise": 0.31431849999999995,
          "avg_tension": 0.3268764692488999,
          "avg_utility": 0.23432670454545423,
          "avg_structures": 11.89,
          "event_counts": {
            "reinforce": 195,
            "branch": 3,
            "create": 2
          }
        },
        "late": {
          "count": 200,
          "avg_loss": 0.28291955965574045,
          "avg_surprise": 0.3268385,
          "avg_tension": 0.4460806222821479,
          "avg_utility": 0.2752702651515149,
          "avg_structures": 11.97,
          "event_counts": {
            "reinforce": 199,
            "branch": 1,
            "create": 0
          }
        }
      },
      "transition_deltas": {
        "mid_minus_early_surprise": -0.025195499999999982,
        "late_minus_mid_surprise": 0.012520000000000031,
        "mid_minus_early_tension": 0.04327311976320197,
        "late_minus_mid_tension": 0.119204153033248,
        "late_minus_early_structures": 0.375
      },
      "top_boundary_windows": [
        {
          "window_index": 0,
          "step_end": 50,
          "avg_loss": 0.3503833975444366,
          "avg_surprise": 0.35331599999999996,
          "event_counts": {
            "reinforce": 39,
            "branch": 6,
            "create": 5
          },
          "avg_structures": 10.38,
          "max_structures": 12,
          "phase": "early",
          "pressure_score": 0.28607147950888734
        },
        {
          "window_index": 5,
          "step_end": 300,
          "avg_loss": 0.2980856595102344,
          "avg_surprise": 0.35435999999999995,
          "event_counts": {
            "reinforce": 49,
            "branch": 1,
            "create": 0
          },
          "avg_structures": 11.98,
          "max_structures": 12,
          "phase": "mid",
          "pressure_score": 0.17592513190204687
        },
        {
          "window_index": 7,
          "step_end": 400,
          "avg_loss": 0.28570251621942355,
          "avg_surprise": 0.28492999999999996,
          "event_counts": {
            "reinforce": 47,
            "branch": 1,
            "create": 2
          },
          "avg_structures": 11.76,
          "max_structures": 12,
          "phase": "late",
          "pressure_score": 0.1726195032438847
        },
        {
          "window_index": 11,
          "step_end": 600,
          "avg_loss": 0.2879360278406097,
          "avg_surprise": 0.3755239999999999,
          "event_counts": {
            "reinforce": 50,
            "branch": 0,
            "create": 0
          },
          "avg_structures": 11.98,
          "max_structures": 12,
          "phase": "late",
          "pressure_score": 0.17024440556812193
        },
        {
          "window_index": 2,
          "step_end": 150,
          "avg_loss": 0.2847257491538489,
          "avg_surprise": 0.36188799999999993,
          "event_counts": {
            "reinforce": 50,
            "branch": 0,
            "create": 0
          },
          "avg_structures": 12.0,
          "max_structures": 12,
          "phase": "early",
          "pressure_score": 0.16551154983076977
        }
      ],
      "boundary_candidate_steps": [
        {
          "step": 2,
          "progress": 0.001669449081803005,
          "phase": "early",
          "event": "create",
          "surprise": 0.998,
          "avg_tension": 0.3,
          "avg_utility": 0.4916666666666667,
          "n_structures": 3,
          "structure_jump": true,
          "high_surprise": true,
          "high_tension": false
        },
        {
          "step": 8,
          "progress": 0.011686143572621035,
          "phase": "early",
          "event": "create",
          "surprise": 0.7326,
          "avg_tension": 0.256902807797087,
          "avg_utility": 0.48857142857142855,
          "n_structures": 7,
          "structure_jump": true,
          "high_surprise": true,
          "high_tension": false
        },
        {
          "step": 5,
          "progress": 0.00667779632721202,
          "phase": "early",
          "event": "create",
          "surprise": 0.6357,
          "avg_tension": 0.25919226644106014,
          "avg_utility": 0.492,
          "n_structures": 5,
          "structure_jump": true,
          "high_surprise": true,
          "high_tension": false
        },
        {
          "step": 352,
          "progress": 0.5859766277128547,
          "phase": "mid",
          "event": "create",
          "surprise": 0.6937,
          "avg_tension": 0.19779181960641215,
          "avg_utility": 0.30399999999999977,
          "n_structures": 10,
          "structure_jump": true,
          "high_surprise": true,
          "high_tension": false
        },
        {
          "step": 306,
          "progress": 0.5091819699499165,
          "phase": "mid",
          "event": "branch",
          "surprise": 0.5409,
          "avg_tension": 0.4825194280885978,
          "avg_utility": 0.24124999999999966,
          "n_structures": 12,
          "structure_jump": true,
          "high_surprise": false,
          "high_tension": false
        },
        {
          "step": 14,
          "progress": 0.021702838063439065,
          "phase": "early",
          "event": "create",
          "surprise": 0.6093,
          "avg_tension": 0.30055882388200905,
          "avg_utility": 0.48,
          "n_structures": 10,
          "structure_jump": true,
          "high_surprise": false,
          "high_tension": false
        },
        {
          "step": 406,
          "progress": 0.676126878130217,
          "phase": "late",
          "event": "branch",
          "surprise": 0.4662,
          "avg_tension": 0.4265251192964264,
          "avg_utility": 0.36291666666666655,
          "n_structures": 12,
          "structure_jump": true,
          "high_surprise": false,
          "high_tension": false
        },
        {
          "step": 16,
          "progress": 0.025041736227045076,
          "phase": "early",
          "event": "branch",
          "surprise": 0.508,
          "avg_tension": 0.32315768717889215,
          "avg_utility": 0.4768181818181818,
          "n_structures": 11,
          "structure_jump": true,
          "high_surprise": false,
          "high_tension": false
        },
        {
          "step": 355,
          "progress": 0.5909849749582637,
          "phase": "mid",
          "event": "create",
          "surprise": 0.6031,
          "avg_tension": 0.20598026434225003,
          "avg_utility": 0.31954545454545435,
          "n_structures": 11,
          "structure_jump": true,
          "high_surprise": false,