{
  "config": {
    "fixed_result_path": null,
    "ewc_result_path": null,
    "unified_result_path": null,
    "baseline_label_fixed": "fixed",
    "baseline_label_ewc": "ewc",
    "unified_label": "unified_sel"
  },
  "sources": {
    "fixed": [
      "F:\\unified-sel\\results\\baseline_fixed\\20260403_102846.json"
    ],
    "ewc": [
      "F:\\unified-sel\\results\\baseline_ewc\\20260403_102846.json"
    ],
    "unified_sel": [
      "F:\\unified-sel\\results\\continual_no_boundary\\20260403_135552.json"
    ]
  },
  "metrics": {
    "fixed": {
      "avg_accuracy": {
        "mean": 0.484375,
        "std": 0.0,
        "min": 0.484375,
        "max": 0.484375,
        "n": 1
      },
      "task_0_final_accuracy": {
        "mean": 0.0625,
        "std": 0.0,
        "min": 0.0625,
        "max": 0.0625,
        "n": 1
      },
      "task_1_final_accuracy": {
        "mean": 0.90625,
        "std": 0.0,
        "min": 0.90625,
        "max": 0.90625,
        "n": 1
      },
      "forgetting_task_0": {
        "mean": 0.83203125,
        "std": 0.0,
        "min": 0.83203125,
        "max": 0.83203125,
        "n": 1
      }
    },
    "ewc": {
      "avg_accuracy": {
        "mean": 0.501953125,
        "std": 0.0,
        "min": 0.501953125,
        "max": 0.501953125,
        "n": 1
      },
      "task_0_final_accuracy": {
        "mean": 0.81640625,
        "std": 0.0,
        "min": 0.81640625,
        "max": 0.81640625,
        "n": 1
      },
      "task_1_final_accuracy": {
        "mean": 0.1875,
        "std": 0.0,
        "min": 0.1875,
        "max": 0.1875,
        "n": 1
      },
      "forgetting_task_0": {
        "mean": 0.078125,
        "std": 0.0,
        "min": 0.078125,
        "max": 0.078125,
        "n": 1
      }
    },
    "unified_sel": {
      "avg_accuracy": {
        "mean": 0.511328125,
        "std": 0.016452687256759913,
        "min": 0.482421875,
        "max": 0.52734375,
        "n": 5,
        "ci95_low": 0.498046875,
        "ci95_high": 0.523828125
      },
      "task_0_final_accuracy": {
        "mean": 0.5140625,
        "std": 0.05466517401417469,
        "min": 0.44140625,
        "max": 0.59765625,
        "n": 5,
        "ci95_low": 0.46953125,
        "ci95_high": 0.559375
      },
      "task_1_final_accuracy": {
        "mean": 0.50859375,
        "std": 0.03994319697238818,
        "min": 0.45703125,
        "max": 0.57421875,
        "n": 5,
        "ci95_low": 0.4765234375,
        "ci95_high": 0.5453125
      },
      "forgetting_task_0": {
        "mean": 0.11484375,
        "std": 0.17747620329039893,
        "min": -0.08203125,
        "max": 0.33984375,
        "n": 5,
        "ci95_low": -0.0421875,
        "ci95_high": 0.26484375
      },
      "max_structures_seen": {
        "mean": 12.0,
        "std": 0.0,
        "min": 12.0,
        "max": 12.0,
        "n": 5,
        "ci95_low": 12.0,
        "ci95_high": 12.0
      },
      "recent_mean_loss": {
        "mean": 0.28571776327124926,
        "std": 0.01339409627802645,
        "min": 0.26955073026364057,
        "max": 0.3030378513188668,
        "n": 5,
        "ci95_low": 0.27392095028408636,
        "ci95_high": 0.29668700736034753
      },
      "recent_mean_surprise": {
        "mean": 0.388836,
        "std": 0.08361121105449917,
        "min": 0.26712,
        "max": 0.4914200000000001,
        "n": 5,
        "ci95_low": 0.31640500000000005,
        "ci95_high": 0.46104700000000004
      }
    }
  },
  "headline": {
    "avg_accuracy": {
      "fixed": 0.484375,
      "ewc": 0.501953125,
      "unified_sel": 0.511328125
    },
    "forgetting_task_0": {
      "fixed": 0.83203125,
      "ewc": 0.078125,
      "unified_sel": 0.11484375
    },
    "preliminary_decision": {
      "unified_beats_ewc_on_avg_accuracy": true,
      "unified_beats_ewc_on_forgetting": false
    }
  },
  "goal_report": {
    "avg_accuracy_vs_ewc": {
      "status": "pass",
      "higher_is_better": true,
      "unified_mean": 0.511328125,
      "reference_mean": 0.501953125,
      "delta_mean": 0.009375000000000022,
      "delta_ci95_low": -0.00390625,
      "delta_ci95_high": 0.021874999999999978,
      "p_value": null,
      "effect_size_cohen_d": null,
      "direction_ok": true,
      "statistically_supported": false,
      "unified_n": 5,
      "reference_n": 1,
      "method": "bootstrap_delta_ci"
    },
    "forgetting_vs_ewc": {
      "status": "fail",
      "higher_is_better": false,
      "unified_mean": 0.11484375,
      "reference_mean": 0.078125,
      "delta_mean": 0.036718749999999994,
      "delta_ci95_low": -0.1203125,
      "delta_ci95_high": 0.18671875,
      "p_value": null,
      "effect_size_cohen_d": null,
      "direction_ok": false,
      "statistically_supported": false,
      "unified_n": 5,
      "reference_n": 1,
      "method": "bootstrap_delta_ci"
    },
    "statistical_significance": {
      "avg_accuracy": {
        "unified_mean": 0.511328125,
        "reference_mean": 0.501953125,
        "delta_mean": 0.009375000000000022,
        "delta_ci95_low": -0.00390625,
        "delta_ci95_high": 0.021874999999999978,
        "p_value": null,
        "effect_size_cohen_d": null,
        "direction_ok": true,
        "statistically_supported": false,
        "unified_n": 5,
        "reference_n": 1,
        "method": "bootstrap_delta_ci"
      },
      "forgetting": {
        "unified_mean": 0.11484375,
        "reference_mean": 0.078125,
        "delta_mean": 0.036718749999999994,
        "delta_ci95_low": -0.1203125,
        "delta_ci95_high": 0.18671875,
        "p_value": null,
        "effect_size_cohen_d": null,
        "direction_ok": false,
        "statistically_supported": false,
        "unified_n": 5,
        "reference_n": 1,
        "method": "bootstrap_delta_ci"
      },
      "status": "fail"
    },
    "overall": "partial_pass"
  },
  "analysis": {
    "unified_avg_accuracy_minus_ewc": 0.009375000000000022,
    "unified_forgetting_minus_ewc": 0.036718749999999994,
    "unified_max_structures_seen_mean": 12.0,
    "accuracy_sample_sizes": {
      "unified_sel": 5,
      "ewc": 1
    },
    "forgetting_sample_sizes": {
      "unified_sel": 5,
      "ewc": 1
    }
  }
}