{
  "experiment": "no_boundary",
  "num_seeds": 5,
  "max_structures": 12,
  "seeds": [
    7,
    8,
    9,
    10,
    11
  ],
  "summary": {
    "task_0_accuracy_final": {
      "mean": 0.453125,
      "std": 0.18393419233349464,
      "min": 0.1328125,
      "max": 0.65625,
      "n": 5
    },
    "task_1_accuracy_final": {
      "mean": 0.559375,
      "std": 0.18162004251665068,
      "min": 0.359375,
      "max": 0.87890625,
      "n": 5
    },
    "forgetting_task_0": {
      "mean": 0.17578125,
      "std": 0.16489742905629245,
      "min": -0.09765625,
      "max": 0.33984375,
      "n": 5
    },
    "max_structures_seen": {
      "mean": 12.0,
      "std": 0.0,
      "min": 12.0,
      "max": 12.0,
      "n": 5
    },
    "aggregate_event_counts": {
      "reinforce": 2917,
      "branch": 48,
      "create": 35
    },
    "aggregate_total_clones": 15,
    "aggregate_total_prunes": 47
  },
  "runs": [
    {
      "seed": 7,
      "steps": 600,
      "checkpoint_step": 200,
      "max_structures": 12,
      "task_0_accuracy_after_early_stream": 0.38671875,
      "task_0_accuracy_final": 0.484375,
      "task_1_accuracy_final": 0.47265625,
      "forgetting_task_0": -0.09765625,
      "event_counts": {
        "reinforce": 584,
        "branch": 8,
        "create": 8
      },
      "final_stats": {
        "n_structures": 11,
        "avg_tension": 0.42767804986783653,
        "avg_utility": 0.28045454545454485,
        "total_creates": 16,
        "total_clones": 3,
        "total_prunes": 9,
        "structure_ids": [
          0,
          1,
          2,
          5,
          12,
          13,
          15,
          16,
          17,
          18,
          19
        ],
        "total_steps": 600,
        "recent_avg_loss": 0.29505687170322786,
        "recent_avg_surprise": 0.38707499999999995
      },
      "max_structures_seen": 12,
      "mean_structures_seen": 11.835,
      "recent_mean_loss": 0.3069584948113155
    },
    {
      "seed": 8,
      "steps": 600,
      "checkpoint_step": 200,
      "max_structures": 12,
      "task_0_accuracy_after_early_stream": 0.74609375,
      "task_0_accuracy_final": 0.65625,
      "task_1_accuracy_final": 0.359375,
      "forgetting_task_0": 0.08984375,
      "event_counts": {
        "reinforce": 587,
        "branch": 6,
        "create": 7
      },
      "final_stats": {
        "n_structures": 11,
        "avg_tension": 0.36719763473367695,
        "avg_utility": 0.3409090909090908,
        "total_creates": 13,
        "total_clones": 2,
        "total_prunes": 5,
        "structure_ids": [
          0,
          2,
          3,
          4,
          6,
          7,
          9,
          10,
          13,
          14,
          15
        ],
        "total_steps": 600,
        "recent_avg_loss": 0.35419416652665564,
        "recent_avg_surprise": 0.39322500000000005
      },
      "max_structures_seen": 12,
      "mean_structures_seen": 11.845,
      "recent_mean_loss": 0.3243489672916069
    },
    {
      "seed": 9,
      "steps": 600,
      "checkpoint_step": 200,
      "max_structures": 12,
      "task_0_accuracy_after_early_stream": 0.9375,
      "task_0_accuracy_final": 0.59765625,
      "task_1_accuracy_final": 0.45703125,
      "forgetting_task_0": 0.33984375,
      "event_counts": {
        "reinforce": 578,
        "branch": 14,
        "create": 8
      },
      "final_stats": {
        "n_structures": 12,
        "avg_tension": 0.19801809615295338,
        "avg_utility": 0.2770833333333331,
        "total_creates": 22,
        "total_clones": 3,
        "total_prunes": 14,
        "structure_ids": [
          13,
          14,
          16,
          17,
          18,
          19,
          20,
          21,
          22,
          23,
          24,
          25
        ],
        "total_steps": 600,
        "recent_avg_loss": 0.24297249139741878,
        "recent_avg_surprise": 0.321955
      },
      "max_structures_seen": 12,
      "mean_structures_seen": 11.81,
      "recent_mean_loss": 0.27128363152627044
    },
    {
      "seed": 10,
      "steps": 600,
      "checkpoint_step": 200,
      "max_structures": 12,
      "task_0_accuracy_after_early_stream": 0.46875,
      "task_0_accuracy_final": 0.1328125,
      "task_1_accuracy_final": 0.87890625,
      "forgetting_task_0": 0.3359375,
      "event_counts": {
        "reinforce": 584,
        "branch": 10,
        "create": 6
      },
      "final_stats": {
        "n_structures": 12,
        "avg_tension": 0.3472341071786676,
        "avg_utility": 0.22958333333333292,
        "total_creates": 16,
        "total_clones": 4,
        "total_prunes": 9,
        "structure_ids": [
          6,
          9,
          11,
          12,
          13,
          14,
          15,
          16,
          17,
          18,
          19,
          20
        ],
        "total_steps": 600,
        "recent_avg_loss": 0.30771769421737155,
        "recent_avg_surprise": 0.42786
      },
      "max_structures_seen": 12,
      "mean_structures_seen": 11.773333333333333,
      "recent_mean_loss": 0.301799497171477
    },
    {
      "seed": 11,
      "steps": 600,
      "checkpoint_step": 200,
      "max_structures": 12,
      "task_0_accuracy_after_early_stream": 0.60546875,
      "task_0_accuracy_final": 0.39453125,
      "task_1_accuracy_final": 0.62890625,
      "forgetting_task_0": 0.2109375,
      "event_counts": {
        "reinforce": 584,
        "branch": 10,
        "create": 6
      },
      "final_stats": {
        "n_structures": 10,
        "avg_tension": 0.3327843755411032,
        "avg_utility": 0.24049999999999935,
        "total_creates": 16,
        "total_clones": 3,
        "total_prunes": 10,
        "structure_ids": [
          0,
          1,
          12,
          13,
          14,
          15,
          16,
          17,
          18,
          19
        ],
        "total_steps": 600,
        "recent_avg_loss": 0.27203084541003353,
        "recent_avg_surprise": 0.24972
      },
      "max_structures_seen": 12,
      "mean_structures_seen": 11.81,
      "recent_mean_loss": 0.2904970696323223
    }
  ]
}