{
  "experiment": "no_boundary",
  "num_seeds": 5,
  "max_structures": 20,
  "seeds": [
    7,
    8,
    9,
    10,
    11
  ],
  "summary": {
    "task_0_accuracy_final": {
      "mean": 0.37421875,
      "std": 0.1646455413817058,
      "min": 0.19140625,
      "max": 0.62109375,
      "n": 5
    },
    "task_1_accuracy_final": {
      "mean": 0.6015625,
      "std": 0.12446173169392269,
      "min": 0.40234375,
      "max": 0.73828125,
      "n": 5
    },
    "forgetting_task_0": {
      "mean": 0.2421875,
      "std": 0.30034973104282947,
      "min": -0.22265625,
      "max": 0.546875,
      "n": 5
    },
    "max_structures_seen": {
      "mean": 20.0,
      "std": 0.0,
      "min": 20.0,
      "max": 20.0,
      "n": 5
    },
    "aggregate_event_counts": {
      "reinforce": 2905,
      "branch": 60,
      "create": 35
    },
    "aggregate_total_clones": 0,
    "aggregate_total_prunes": 0
  },
  "runs": [
    {
      "seed": 7,
      "steps": 600,
      "checkpoint_step": 200,
      "max_structures": 20,
      "task_0_accuracy_after_early_stream": 0.3984375,
      "task_0_accuracy_final": 0.62109375,
      "task_1_accuracy_final": 0.40234375,
      "forgetting_task_0": -0.22265625,
      "event_counts": {
        "reinforce": 581,
        "branch": 12,
        "create": 7
      },
      "final_stats": {
        "n_structures": 20,
        "avg_tension": 0.37893335791110017,
        "avg_utility": 0.48459999999999975,
        "total_creates": 19,
        "total_clones": 0,
        "total_prunes": 0,
        "structure_ids": [
          0,
          1,
          2,
          3,
          4,
          5,
          6,
          7,
          8,
          9,
          10,
          11,
          12,
          13,
          14,
          15,
          16,
          17,
          18,
          19
        ],
        "total_steps": 600,
        "recent_avg_loss": 0.2838918761180002,
        "recent_avg_surprise": 0.31864
      },
      "max_structures_seen": 20,
      "mean_structures_seen": 19.493333333333332,
      "recent_mean_loss": 0.2753004299378925
    },
    {
      "seed": 8,
      "steps": 600,
      "checkpoint_step": 200,
      "max_structures": 20,
      "task_0_accuracy_after_early_stream": 0.6875,
      "task_0_accuracy_final": 0.19140625,
      "task_1_accuracy_final": 0.73828125,
      "forgetting_task_0": 0.49609375,
      "event_counts": {
        "reinforce": 581,
        "branch": 10,
        "create": 9
      },
      "final_stats": {
        "n_structures": 20,
        "avg_tension": 0.37098245755515624,
        "avg_utility": 0.49479999999999996,
        "total_creates": 19,
        "total_clones": 0,
        "total_prunes": 0,
        "structure_ids": [
          0,
          1,
          2,
          3,
          4,
          5,
          6,
          7,
          8,
          9,
          10,
          11,
          12,
          13,
          14,
          15,
          16,
          17,
          18,
          19
        ],
        "total_steps": 600,
        "recent_avg_loss": 0.19876096436881846,
        "recent_avg_surprise": 0.26833499999999993
      },
      "max_structures_seen": 20,
      "mean_structures_seen": 19.51,
      "recent_mean_loss": 0.25159574170546073
    },
    {
      "seed": 9,
      "steps": 600,
      "checkpoint_step": 200,
      "max_structures": 20,
      "task_0_accuracy_after_early_stream": 0.69140625,
      "task_0_accuracy_final": 0.3046875,
      "task_1_accuracy_final": 0.59765625,
      "forgetting_task_0": 0.38671875,
      "event_counts": {
        "reinforce": 581,
        "branch": 13,
        "create": 6
      },
      "final_stats": {
        "n_structures": 20,
        "avg_tension": 0.3665685912947157,
        "avg_utility": 0.4905999999999998,
        "total_creates": 19,
        "total_clones": 0,
        "total_prunes": 0,
        "structure_ids": [
          0,
          1,
          2,
          3,
          4,
          5,
          6,
          7,
          8,
          9,
          10,
          11,
          12,
          13,
          14,
          15,
          16,
          17,
          18,
          19
        ],
        "total_steps": 600,
        "recent_avg_loss": 0.3388842217315563,
        "recent_avg_surprise": 0.21852
      },
      "max_structures_seen": 20,
      "mean_structures_seen": 19.536666666666665,
      "recent_mean_loss": 0.35334553482724934
    },
    {
      "seed": 10,
      "steps": 600,
      "checkpoint_step": 200,
      "max_structures": 20,
      "task_0_accuracy_after_early_stream": 0.7890625,
      "task_0_accuracy_final": 0.2421875,
      "task_1_accuracy_final": 0.7265625,
      "forgetting_task_0": 0.546875,
      "event_counts": {
        "reinforce": 581,
        "branch": 13,
        "create": 6
      },
      "final_stats": {
        "n_structures": 20,
        "avg_tension": 0.3793184790536561,
        "avg_utility": 0.42659999999999976,
        "total_creates": 19,
        "total_clones": 0,
        "total_prunes": 0,
        "structure_ids": [
          0,
          1,
          2,
          3,
          4,
          5,
          6,
          7,
          8,
          9,
          10,
          11,
          12,
          13,
          14,
          15,
          16,
          17,
          18,
          19
        ],
        "total_steps": 600,
        "recent_avg_loss": 0.29308557984167516,
        "recent_avg_surprise": 0.3064699999999999
      },
      "max_structures_seen": 20,
      "mean_structures_seen": 19.365,
      "recent_mean_loss": 0.2881151490680727
    },
    {
      "seed": 11,
      "steps": 600,
      "checkpoint_step": 200,
      "max_structures": 20,
      "task_0_accuracy_after_early_stream": 0.515625,
      "task_0_accuracy_final": 0.51171875,
      "task_1_accuracy_final": 0.54296875,
      "forgetting_task_0": 0.00390625,
      "event_counts": {
        "reinforce": 581,
        "branch": 12,
        "create": 7
      },
      "final_stats": {
        "n_structures": 20,
        "avg_tension": 0.5677279264672889,
        "avg_utility": 0.45924999999999977,
        "total_creates": 19,
        "total_clones": 0,
        "total_prunes": 0,
        "structure_ids": [
          0,
          1,
          2,
          3,
          4,
          5,
          6,
          7,
          8,
          9,
          10,
          11,
          12,
          13,
          14,
          15,
          16,
          17,
          18,
          19
        ],
        "total_steps": 600,
        "recent_avg_loss": 0.3018988126264902,
        "recent_avg_surprise": 0.28769
      },
      "max_structures_seen": 20,
      "mean_structures_seen": 19.405,
      "recent_mean_loss": 0.2946152068994989
    }
  ]
}