{
  "experiment": "no_boundary",
  "num_seeds": 5,
  "max_structures": 12,
  "seeds": [
    7,
    8,
    9,
    10,
    11
  ],
  "summary": {
    "task_0_accuracy_final": {
      "mean": 0.46484375,
      "std": 0.07130377630690397,
      "min": 0.40234375,
      "max": 0.59765625,
      "n": 5
    },
    "task_1_accuracy_final": {
      "mean": 0.55234375,
      "std": 0.059426375799176916,
      "min": 0.45703125,
      "max": 0.64453125,
      "n": 5
    },
    "forgetting_task_0": {
      "mean": 0.1640625,
      "std": 0.17103844711241095,
      "min": -0.08984375,
      "max": 0.34375,
      "n": 5
    },
    "max_structures_seen": {
      "mean": 12.0,
      "std": 0.0,
      "min": 12.0,
      "max": 12.0,
      "n": 5
    },
    "aggregate_event_counts": {
      "reinforce": 2911,
      "branch": 55,
      "create": 34
    },
    "aggregate_total_clones": 17,
    "aggregate_total_prunes": 56
  },
  "runs": [
    {
      "seed": 7,
      "steps": 600,
      "checkpoint_step": 200,
      "max_structures": 12,
      "task_0_accuracy_after_early_stream": 0.38671875,
      "task_0_accuracy_final": 0.4765625,
      "task_1_accuracy_final": 0.55859375,
      "forgetting_task_0": -0.08984375,
      "event_counts": {
        "reinforce": 583,
        "branch": 10,
        "create": 7
      },
      "final_stats": {
        "n_structures": 10,
        "avg_tension": 0.5141340073651655,
        "avg_utility": 0.26799999999999996,
        "total_creates": 17,
        "total_clones": 4,
        "total_prunes": 12,
        "structure_ids": [
          5,
          6,
          13,
          15,
          16,
          17,
          18,
          19,
          20,
          21
        ],
        "total_steps": 600,
        "recent_avg_loss": 0.2985614889468918,
        "recent_avg_surprise": 0.45871000000000006
      },
      "max_structures_seen": 12,
      "mean_structures_seen": 11.816666666666666,
      "recent_mean_loss": 0.2879360278406097
    },
    {
      "seed": 8,
      "steps": 600,
      "checkpoint_step": 200,
      "max_structures": 12,
      "task_0_accuracy_after_early_stream": 0.74609375,
      "task_0_accuracy_final": 0.40234375,
      "task_1_accuracy_final": 0.5546875,
      "forgetting_task_0": 0.34375,
      "event_counts": {
        "reinforce": 586,
        "branch": 8,
        "create": 6
      },
      "final_stats": {
        "n_structures": 11,
        "avg_tension": 0.3635979926914442,
        "avg_utility": 0.25272727272727247,
        "total_creates": 14,
        "total_clones": 3,
        "total_prunes": 7,
        "structure_ids": [
          0,
          3,
          4,
          6,
          9,
          10,
          13,
          14,
          15,
          16,
          17
        ],
        "total_steps": 600,
        "recent_avg_loss": 0.3176150566771425,
        "recent_avg_surprise": 0.479065
      },
      "max_structures_seen": 12,
      "mean_structures_seen": 11.84,
      "recent_mean_loss": 0.30411262555530805
    },
    {
      "seed": 9,
      "steps": 600,
      "checkpoint_step": 200,
      "max_structures": 12,
      "task_0_accuracy_after_early_stream": 0.9375,
      "task_0_accuracy_final": 0.59765625,
      "task_1_accuracy_final": 0.45703125,
      "forgetting_task_0": 0.33984375,
      "event_counts": {
        "reinforce": 578,
        "branch": 14,
        "create": 8
      },
      "final_stats": {
        "n_structures": 12,
        "avg_tension": 0.19801809615295338,
        "avg_utility": 0.2770833333333331,
        "total_creates": 22,
        "total_clones": 3,
        "total_prunes": 14,
        "structure_ids": [
          13,
          14,
          16,
          17,
          18,
          19,
          20,
          21,
          22,
          23,
          24,
          25
        ],
        "total_steps": 600,
        "recent_avg_loss": 0.24297249139741878,
        "recent_avg_surprise": 0.321955
      },
      "max_structures_seen": 12,
      "mean_structures_seen": 11.81,
      "recent_mean_loss": 0.27128363152627044
    },
    {
      "seed": 10,
      "steps": 600,
      "checkpoint_step": 200,
      "max_structures": 12,
      "task_0_accuracy_after_early_stream": 0.46875,
      "task_0_accuracy_final": 0.4375,
      "task_1_accuracy_final": 0.64453125,
      "forgetting_task_0": 0.03125,
      "event_counts": {
        "reinforce": 582,
        "branch": 12,
        "create": 6
      },
      "final_stats": {
        "n_structures": 11,
        "avg_tension": 0.3102304995555399,
        "avg_utility": 0.2763636363636361,
        "total_creates": 18,
        "total_clones": 4,
        "total_prunes": 12,
        "structure_ids": [
          6,
          9,
          13,
          14,
          16,
          17,
          18,
          19,
          20,
          21,
          22
        ],
        "total_steps": 600,
        "recent_avg_loss": 0.2846234285694265,
        "recent_avg_surprise": 0.404975
      },
      "max_structures_seen": 12,
      "mean_structures_seen": 11.763333333333334,
      "recent_mean_loss": 0.26955073026364057
    },
    {
      "seed": 11,
      "steps": 600,
      "checkpoint_step": 200,
      "max_structures": 12,
      "task_0_accuracy_after_early_stream": 0.60546875,
      "task_0_accuracy_final": 0.41015625,
      "task_1_accuracy_final": 0.546875,
      "forgetting_task_0": 0.1953125,
      "event_counts": {
        "reinforce": 582,
        "branch": 11,
        "create": 7
      },
      "final_stats": {
        "n_structures": 11,
        "avg_tension": 0.3714882526117085,
        "avg_utility": 0.2177272727272724,
        "total_creates": 18,
        "total_clones": 3,
        "total_prunes": 11,
        "structure_ids": [
          2,
          8,
          13,
          14,
          15,
          16,
          17,
          18,
          19,
          20,
          21
        ],
        "total_steps": 600,
        "recent_avg_loss": 0.30278809805590357,
        "recent_avg_surprise": 0.31147499999999995
      },
      "max_structures_seen": 12,
      "mean_structures_seen": 11.77,
      "recent_mean_loss": 0.29693469588335114
    }
  ]
}