{
  "experiment": "no_boundary",
  "num_seeds": 5,
  "max_structures": 12,
  "seeds": [
    7,
    8,
    9,
    10,
    11
  ],
  "summary": {
    "task_0_accuracy_final": {
      "mean": 0.49453125,
      "std": 0.06359394195302726,
      "min": 0.4296875,
      "max": 0.59765625,
      "n": 5
    },
    "task_1_accuracy_final": {
      "mean": 0.540625,
      "std": 0.06543872372303726,
      "min": 0.45703125,
      "max": 0.64453125,
      "n": 5
    },
    "forgetting_task_0": {
      "mean": 0.134375,
      "std": 0.1665107506382846,
      "min": -0.0859375,
      "max": 0.33984375,
      "n": 5
    },
    "max_structures_seen": {
      "mean": 12.0,
      "std": 0.0,
      "min": 12.0,
      "max": 12.0,
      "n": 5
    },
    "aggregate_event_counts": {
      "reinforce": 2913,
      "branch": 54,
      "create": 33
    },
    "aggregate_total_clones": 18,
    "aggregate_total_prunes": 52
  },
  "runs": [
    {
      "seed": 7,
      "steps": 600,
      "checkpoint_step": 200,
      "max_structures": 12,
      "task_0_accuracy_after_early_stream": 0.38671875,
      "task_0_accuracy_final": 0.47265625,
      "task_1_accuracy_final": 0.58203125,
      "forgetting_task_0": -0.0859375,
      "event_counts": {
        "reinforce": 583,
        "branch": 10,
        "create": 7
      },
      "final_stats": {
        "n_structures": 11,
        "avg_tension": 0.47576864210389935,
        "avg_utility": 0.2513636363636362,
        "total_creates": 17,
        "total_clones": 4,
        "total_prunes": 11,
        "structure_ids": [
          2,
          5,
          6,
          13,
          15,
          16,
          17,
          18,
          19,
          20,
          21
        ],
        "total_steps": 600,
        "recent_avg_loss": 0.2985614889468918,
        "recent_avg_surprise": 0.45871000000000006
      },
      "max_structures_seen": 12,
      "mean_structures_seen": 11.818333333333333,
      "recent_mean_loss": 0.2879360278406097
    },
    {
      "seed": 8,
      "steps": 600,
      "checkpoint_step": 200,
      "max_structures": 12,
      "task_0_accuracy_after_early_stream": 0.74609375,
      "task_0_accuracy_final": 0.4296875,
      "task_1_accuracy_final": 0.51171875,
      "forgetting_task_0": 0.31640625,
      "event_counts": {
        "reinforce": 587,
        "branch": 7,
        "create": 6
      },
      "final_stats": {
        "n_structures": 12,
        "avg_tension": 0.2434701023394783,
        "avg_utility": 0.2433333333333331,
        "total_creates": 13,
        "total_clones": 4,
        "total_prunes": 6,
        "structure_ids": [
          0,
          3,
          4,
          6,
          9,
          10,
          12,
          13,
          14,
          15,
          16,
          17
        ],
        "total_steps": 600,
        "recent_avg_loss": 0.31760692547648356,
        "recent_avg_surprise": 0.4914200000000001
      },
      "max_structures_seen": 12,
      "mean_structures_seen": 11.848333333333333,
      "recent_mean_loss": 0.3030378513188668
    },
    {
      "seed": 9,
      "steps": 600,
      "checkpoint_step": 200,
      "max_structures": 12,
      "task_0_accuracy_after_early_stream": 0.9375,
      "task_0_accuracy_final": 0.59765625,
      "task_1_accuracy_final": 0.45703125,
      "forgetting_task_0": 0.33984375,
      "event_counts": {
        "reinforce": 578,
        "branch": 14,
        "create": 8
      },
      "final_stats": {
        "n_structures": 12,
        "avg_tension": 0.19801809615295338,
        "avg_utility": 0.2770833333333331,
        "total_creates": 22,
        "total_clones": 3,
        "total_prunes": 14,
        "structure_ids": [
          13,
          14,
          16,
          17,
          18,
          19,
          20,
          21,
          22,
          23,
          24,
          25
        ],
        "total_steps": 600,
        "recent_avg_loss": 0.24297249139741878,
        "recent_avg_surprise": 0.321955
      },
      "max_structures_seen": 12,
      "mean_structures_seen": 11.81,
      "recent_mean_loss": 0.27128363152627044
    },
    {
      "seed": 10,
      "steps": 600,
      "checkpoint_step": 200,
      "max_structures": 12,
      "task_0_accuracy_after_early_stream": 0.46875,
      "task_0_accuracy_final": 0.4375,
      "task_1_accuracy_final": 0.64453125,
      "forgetting_task_0": 0.03125,
      "event_counts": {
        "reinforce": 582,
        "branch": 12,
        "create": 6
      },
      "final_stats": {
        "n_structures": 11,
        "avg_tension": 0.3102304995555399,
        "avg_utility": 0.2763636363636361,
        "total_creates": 18,
        "total_clones": 4,
        "total_prunes": 12,
        "structure_ids": [
          6,
          9,
          13,
          14,
          16,
          17,
          18,
          19,
          20,
          21,
          22
        ],
        "total_steps": 600,
        "recent_avg_loss": 0.2846234285694265,
        "recent_avg_surprise": 0.404975
      },
      "max_structures_seen": 12,
      "mean_structures_seen": 11.763333333333334,
      "recent_mean_loss": 0.26955073026364057
    },
    {
      "seed": 11,
      "steps": 600,
      "checkpoint_step": 200,
      "max_structures": 12,
      "task_0_accuracy_after_early_stream": 0.60546875,
      "task_0_accuracy_final": 0.53515625,
      "task_1_accuracy_final": 0.5078125,
      "forgetting_task_0": 0.0703125,
      "event_counts": {
        "reinforce": 583,
        "branch": 11,
        "create": 6
      },
      "final_stats": {
        "n_structures": 12,
        "avg_tension": 0.29790413816940325,
        "avg_utility": 0.21374999999999958,
        "total_creates": 17,
        "total_clones": 3,
        "total_prunes": 9,
        "structure_ids": [
          0,
          2,
          11,
          12,
          13,
          14,
          15,
          16,
          17,
          18,
          19,
          20
        ],
        "total_steps": 600,
        "recent_avg_loss": 0.26343238180398165,
        "recent_avg_surprise": 0.26712
      },
      "max_structures_seen": 12,
      "mean_structures_seen": 11.796666666666667,
      "recent_mean_loss": 0.2967805754068589
    }
  ]
}